AccountID,FULL_NAME,Country,Email,Date_of_Birth,Created_At,Status
1,Taro Koga,JP,taro.koga609@gmail.com,1987-01-26,2021-01-02,banned
2,John Duncan,US,john.duncan935@gmail.com,1997-06-09,2021-01-06,active
3,Marcelo Nogueira,BR,marcelo.nogueira852@yahoo.com,2005-08-17,2021-01-12,active
4,Manabu Miyake,JP,manabu.miyake642@gmail.com,2006-12-01,2021-01-15,active
5,Simone Prevost,FR,simone.prevost233@gmail.com,2007-02-18,2021-01-16,active
6,Yuichi Ogata,JP,yuichi.ogata906@hotmail.com,1988-08-17,2021-01-19,active
7,Giacomo Pizzo,IT,giacomo.pizzo143@gmail.com,1994-06-10,2021-01-30,active
8,Mohit Shankar,IN,mohit.shankar900@gmail.com,2007-05-17,2021-01-31,active
9,Pedro Torres,ES,pedro.torres255@yahoo.com,1990-04-07,2021-02-01,active
10,Ignazio Giordano,IT,ignazio.giordano453@icloud.com,1985-01-21,2021-02-09,active
11,Aurora Mariani,IT,aurora.mariani899@gmail.com,2002-07-28,2021-02-11,active
12,Martina Palmieri,IT,martina.palmieri56@icloud.com,2001-01-11,2021-02-11,active
13,Olivia Malmqvist,SE,olivia.malmqvist968@icloud.com,1986-02-26,2021-02-12,active
14,Patricio Ramírez,ES,patricio.ramrez850@gmail.com,1989-09-17,2021-02-15,active
15,Filippa Gustafsson,SE,filippa.gustafsson288@hotmail.com,1991-10-09,2021-02-21,active
16,Luisa Padilla,MX,luisa.padilla838@outlook.com,1999-11-02,2021-02-26,active
17,Giuliana Lombardi,IT,giuliana.lombardi807@gmail.com,1997-06-12,2021-02-27,active
18,Peter Kramer,NL,peter.kramer261@gmail.com,1994-01-29,2021-03-01,active
19,Armando Fontana,IT,armando.fontana572@icloud.com,1989-05-09,2021-03-01,freezed
20,Sonia Górski,PL,sonia.grski817@icloud.com,1998-09-02,2021-03-05,active
21,Hajime Yano,JP,hajime.yano886@outlook.com,1986-08-15,2021-03-06,active
22,Joon-gi Do,KR,joongi.do699@icloud.com,1989-10-15,2021-03-09,active
23,Vincent Ruiter,NL,vincent.ruiter301@gmail.com,1991-08-04,2021-03-10,active
24,Hugues Sanchez,FR,hugues.sanchez63@gmail.com,1991-07-17,2021-03-13,active
25,Sylvia Bos,NL,sylvia.bos655@icloud.com,1986-05-21,2021-03-13,active
26,Ryoma Yoshida,JP,ryoma.yoshida644@gmail.com,1998-11-07,2021-03-14,active
27,Baptiste Durand,FR,baptiste.durand28@gmail.com,1986-12-11,2021-03-19,active
28,Stefania Gajewski,PL,stefania.gajewski469@gmail.com,1995-03-22,2021-03-20,active
29,Jacky Lopez,FR,jacky.lopez204@yahoo.com,1989-02-24,2021-03-25,active
30,Aaron Bell,CA,aaron.bell474@icloud.com,1993-11-02,2021-03-26,freezed
31,Simón Pascual,ES,simn.pascual187@icloud.com,2001-11-20,2021-03-30,active
32,Esmeralda Lara,MX,esmeralda.lara965@gmail.com,1998-11-11,2021-04-03,active
33,Yash Pandit,IN,yash.pandit911@yahoo.com,1986-10-03,2021-04-07,active
34,Francisco Delgado,ES,francisco.delgado515@icloud.com,1987-11-03,2021-04-08,banned
35,Jacob Carter,AU,jacob.carter154@gmail.com,2005-10-27,2021-04-10,active
36,Nidhi Mukherjee,IN,nidhi.mukherjee765@gmail.com,1990-05-24,2021-04-13,active
37,Ayano Hirano,JP,ayano.hirano689@icloud.com,1995-09-25,2021-04-13,active
38,Yusuke Ogawa,JP,yusuke.ogawa120@gmail.com,2003-05-11,2021-04-14,active
39,Sang-woo Cho,KR,sangwoo.cho160@gmail.com,2001-10-19,2021-04-15,banned
40,Jolanta Kowalczyk,PL,jolanta.kowalczyk555@icloud.com,1995-08-02,2021-04-17,active
41,Mara van de Ven,NL,mara.vandeven342@yahoo.com,2005-11-16,2021-04-18,freezed
42,Mila Knight,AU,mila.knight870@gmail.com,2005-01-08,2021-04-21,active
43,Jacqueline Robles,MX,jacqueline.robles893@gmail.com,2004-05-24,2021-05-11,active
44,Chenle Sunwoo,KR,chenle.sunwoo269@icloud.com,1996-03-23,2021-05-15,active
45,Sidney Saunders,GB,sidney.saunders589@icloud.com,1986-08-07,2021-05-16,active
46,Lilly Ljunggren,SE,lilly.ljunggren665@icloud.com,2006-02-26,2021-05-18,active
47,Alfred Rose,GB,alfred.rose875@hotmail.com,2004-12-08,2021-05-22,active
48,Asuka Sawada,JP,asuka.sawada522@comcast.net,2000-12-06,2021-05-22,active
49,Janneke van der Veen,NL,janneke.vanderveen263@yahoo.com,2008-01-24,2021-05-26,freezed
50,Sophia Bryant,US,sophia.bryant976@icloud.com,1986-03-05,2021-06-01,freezed
51,Ffion Stone,GB,ffion.stone681@icloud.com,1989-08-07,2021-06-03,active
52,Takuma Yamashita,JP,takuma.yamashita618@gmail.com,2007-01-07,2021-06-04,active
53,Rasmus Haglund,SE,rasmus.haglund836@outlook.com,1991-07-31,2021-06-08,active
54,Klara Schreiber,DE,klara.schreiber662@gmail.com,2002-06-23,2021-06-08,active
55,So-young Chang,KR,soyoung.chang674@icloud.com,1998-04-13,2021-06-12,active
56,Christa Schmitz,DE,christa.schmitz764@gmail.com,2003-09-03,2021-06-20,active
57,Lawrence Valdez,US,lawrence.valdez372@gmail.com,1995-01-10,2021-06-21,active
58,Noelia Mora,ES,noelia.mora460@hotmail.com,1999-11-04,2021-06-22,active
59,Raymond Gibbs,CA,raymond.gibbs401@yahoo.com,2001-07-07,2021-06-25,active
60,Sangita Sachdeva,IN,sangita.sachdeva633@icloud.com,2000-05-17,2021-06-26,active
61,Luuk van den Berg,NL,luuk.vandenberg963@yahoo.com,2001-12-19,2021-06-29,freezed
62,Scott Morris,GB,scott.morris457@gmail.com,2003-10-28,2021-06-30,active
63,Imogen O'Brien,AU,imogen.obrien427@icloud.com,1995-07-17,2021-06-30,active
64,Gustav Lund,SE,gustav.lund929@gmail.com,2002-06-26,2021-06-30,active
65,Kaede Yamada,JP,kaede.yamada738@hotmail.com,2008-08-30,2021-07-01,active
66,Kai Sullivan,AU,kai.sullivan356@verizon.net,2007-02-04,2021-07-11,active
67,Nicole Richardson,AU,nicole.richardson739@hotmail.com,1986-06-15,2021-07-14,active
68,Carmine Lombardi,IT,carmine.lombardi479@yahoo.com,1998-02-21,2021-07-15,banned
69,Teodora Olszewski,PL,teodora.olszewski702@gmail.com,1987-03-16,2021-07-19,active
70,Margarita Montoya,MX,margarita.montoya47@gmail.com,1992-12-22,2021-07-21,active
71,Paulette Julien,FR,paulette.julien154@icloud.com,1989-10-23,2021-07-25,active
72,Brandon Hernandes,US,brandon.hernandes806@gmail.com,1996-01-09,2021-07-29,active
73,Xochitl Guerrero,MX,xochitl.guerrero341@gmail.com,1994-03-05,2021-07-31,active
74,Brandon Fleming,GB,brandon.fleming686@charter.net,2002-01-01,2021-08-02,active
75,Andrea Schmidt,DE,andrea.schmidt585@gmail.com,1997-11-03,2021-08-04,active
76,Sung-min Dongguk,KR,sungmin.dongguk515@gmail.com,1985-05-12,2021-08-05,freezed
77,Harper Armstrong,AU,harper.armstrong73@hotmail.com,2001-12-29,2021-08-05,active
78,Soma Maekawa,JP,soma.maekawa256@icloud.com,1993-05-13,2021-08-06,active
79,Hayden Holmes,AU,hayden.holmes270@gmail.com,1991-06-27,2021-08-17,active
80,Connor Olson,US,connor.olson54@gmail.com,1994-04-14,2021-08-19,active
81,Mia Gill,GB,mia.gill586@gmail.com,1992-12-22,2021-08-24,active
82,Laura Hunter,CA,laura.hunter953@gmail.com,1996-05-29,2021-09-01,active
83,Margaret Lévesque,CA,margaret.lvesque136@gmail.com,1989-01-11,2021-09-09,active
84,Miranda Velázquez,MX,miranda.velzquez365@gmail.com,1994-11-03,2021-09-10,active
85,Monique Teixeira,BR,monique.teixeira72@icloud.com,1997-09-02,2021-09-12,active
86,Betty Carpenter,US,betty.carpenter995@gmail.com,1991-10-14,2021-09-14,active
87,Jin Takeda,JP,jin.takeda633@gmail.com,1994-03-18,2021-09-19,active
88,Susana Marín,ES,susana.marn935@yahoo.com,1991-01-08,2021-09-20,active
89,Min-gi Kim,KR,mingi.kim91@icloud.com,2008-07-19,2021-09-21,freezed
90,Rashi Bhatt,IN,rashi.bhatt590@gmail.com,1995-05-28,2021-09-25,freezed
91,Gisela Hartmann,DE,gisela.hartmann904@gmail.com,1985-12-17,2021-09-29,active
92,Iván Domínguez,MX,ivn.domnguez365@comcast.net,1999-03-20,2021-10-01,active
93,Julieta Salazar,MX,julieta.salazar416@yahoo.com,2008-02-07,2021-10-03,active
94,Wesley Reid,US,wesley.reid500@yahoo.com,1996-05-05,2021-10-08,active
95,Yoon-ah Lim,KR,yoonah.lim369@gmail.com,2001-06-27,2021-10-12,banned
96,Catalina Crespo,ES,catalina.crespo732@live.com,2001-12-06,2021-10-15,active
97,Luis Mejía,MX,luis.meja845@gmail.com,1997-02-13,2021-10-16,active
98,Ebba Mattsson,SE,ebba.mattsson293@gmail.com,1996-07-23,2021-10-17,freezed
99,Emily Edwards,AU,emily.edwards857@hotmail.com,1986-12-25,2021-10-18,active
100,Edna James,US,edna.james81@live.com,2002-05-14,2021-10-25,active
101,Theresa Brandt,DE,theresa.brandt897@icloud.com,1999-08-04,2021-10-27,active
102,Hugo Lundin,SE,hugo.lundin552@icloud.com,2007-07-30,2021-10-28,active
103,Yvon Petit,FR,yvon.petit463@gmail.com,1988-10-06,2021-10-30,active
104,Richard Berry,GB,richard.berry366@gmail.com,1988-07-19,2021-10-31,active
105,Cecylia Gajda,PL,cecylia.gajda339@gmail.com,1995-07-11,2021-11-02,freezed
106,Ida Hoffmann,DE,ida.hoffmann161@gmail.com,1996-08-22,2021-11-09,active
107,Noah Mullins,CA,noah.mullins936@icloud.com,1999-10-02,2021-11-15,active
108,Zbigniew Malinowski,PL,zbigniew.malinowski528@gmail.com,2003-05-18,2021-12-03,active
109,Jaime Cruz,ES,jaime.cruz216@gmail.com,2001-10-24,2021-12-15,freezed
110,Vincent Stevens,CA,vincent.stevens763@gmail.com,1993-02-02,2021-12-16,active
111,Joseph Price,GB,joseph.price462@gmail.com,1999-02-23,2021-12-22,active
112,Laura Richter,DE,laura.richter280@gmail.com,1997-11-21,2022-01-01,active
113,Wyatt Carpenter,CA,wyatt.carpenter612@gmail.com,1997-10-12,2022-01-01,active
114,Noel Malmgren,SE,noel.malmgren145@gmail.com,1992-01-21,2022-01-02,active
115,Callum Fletcher,GB,callum.fletcher337@icloud.com,2002-06-28,2022-01-03,freezed
116,Eun-young Ahn,KR,eunyoung.ahn192@gmail.com,2000-08-22,2022-01-04,active
117,Pedro Nunes,BR,pedro.nunes795@outlook.com,2006-12-16,2022-01-10,banned
118,Shota Igarashi,JP,shota.igarashi215@gmail.com,1991-08-14,2022-01-14,active
119,Nathan Roche,FR,nathan.roche234@gmail.com,1996-12-17,2022-01-16,active
120,Hyo-jung Nam,KR,hyojung.nam698@gmail.com,1998-03-12,2022-01-23,active
121,Joyce Prins,NL,joyce.prins689@yahoo.com,2000-01-01,2022-01-24,active
122,Usha Bansal,IN,usha.bansal642@gmail.com,1999-05-31,2022-01-27,banned
123,Nobuhiro Suzuki,JP,nobuhiro.suzuki970@icloud.com,2007-01-30,2022-01-29,freezed
124,Britt Norén,SE,britt.norn530@live.com,1994-07-12,2022-01-31,active
125,Dennis Bauer,DE,dennis.bauer966@gmail.com,2006-10-27,2022-01-31,active
126,Chae-won Bok,KR,chaewon.bok688@gmail.com,2003-10-07,2022-02-02,active
127,Christian Garcia,FR,christian.garcia646@icloud.com,1998-12-09,2022-02-06,active
128,Kevin Hellström,SE,kevin.hellstrm756@hotmail.com,1997-03-18,2022-02-08,banned
129,Isabella Guzmán,MX,isabella.guzmn631@icloud.com,2008-08-26,2022-02-10,active
130,Ligia Magalhães,BR,ligia.magalhes27@icloud.com,1998-05-09,2022-02-14,active
131,Asunción Bravo,ES,asuncin.bravo852@comcast.net,1995-11-15,2022-02-20,active
132,Heather Warner,CA,heather.warner293@gmail.com,1988-09-15,2022-02-21,active
133,Lucia Lombardi,IT,lucia.lombardi943@gmail.com,1994-08-12,2022-02-22,banned
134,Arnold Wierzbicki,PL,arnold.wierzbicki265@icloud.com,2001-07-14,2022-02-23,active
135,Gladys Ferguson,US,gladys.ferguson586@gmail.com,1998-05-08,2022-02-23,active
136,Kinsley Morrison,CA,kinsley.morrison449@yahoo.com,1999-05-31,2022-02-26,active
137,Sofia Wells,US,sofia.wells318@gmail.com,1999-11-17,2022-02-27,active
138,Ruggero Sorrentino,IT,ruggero.sorrentino418@icloud.com,2003-11-04,2022-03-03,active
139,Brittany Young,CA,brittany.young112@icloud.com,2002-08-29,2022-03-04,active
140,Kajal Pandey,IN,kajal.pandey563@sbcglobal.net,2005-02-28,2022-03-05,active
141,Alberto Parisi,IT,alberto.parisi488@icloud.com,2005-02-06,2022-03-10,active
142,Diego Siqueira,BR,diego.siqueira30@gmail.com,2000-09-19,2022-03-10,active
143,Annemarie Sanders,NL,annemarie.sanders940@gmail.com,2004-09-23,2022-03-11,active
144,Emily Roberts,AU,emily.roberts745@gmail.com,1988-03-06,2022-03-11,active
145,Inga Fredriksson,SE,inga.fredriksson799@gmail.com,1988-09-24,2022-03-24,active
146,Yoo-jung Pang,KR,yoojung.pang939@gmail.com,2003-07-18,2022-03-26,active
147,Ignacio Castillo,ES,ignacio.castillo987@live.com,2003-10-21,2022-04-02,active
148,Eddie Hunt,GB,eddie.hunt997@gmail.com,1999-04-29,2022-04-08,active
149,Se-young Manpung,KR,seyoung.manpung945@icloud.com,2002-06-30,2022-04-08,active
150,Lotte Klein,DE,lotte.klein748@icloud.com,1996-08-17,2022-04-10,banned
151,Felicja Wawrzyniak,PL,felicja.wawrzyniak880@gmail.com,2000-12-31,2022-04-14,active
152,Trinidad Martínez,ES,trinidad.martnez333@icloud.com,1999-09-22,2022-04-21,active
153,Octavio Sanz,ES,octavio.sanz248@yahoo.com,1990-11-05,2022-04-26,active
154,Esther Espinoza,MX,esther.espinoza836@icloud.com,1989-04-23,2022-04-30,active
155,Hélène Lefevre,FR,hlne.lefevre524@icloud.com,2000-09-27,2022-05-03,active
156,Walter Bryant,CA,walter.bryant144@yahoo.com,2002-09-04,2022-05-03,banned
157,Óscar Vázquez,ES,scar.vzquez745@yahoo.com,2007-06-09,2022-05-04,active
158,Melanie Koch,DE,melanie.koch152@gmail.com,1995-01-11,2022-05-06,active
159,Naomi Bakker,NL,naomi.bakker10@hotmail.com,1989-12-12,2022-05-15,active
160,Rik Bruin,NL,rik.bruin580@hotmail.com,2003-08-29,2022-05-21,active
161,Anna Day,AU,anna.day466@icloud.com,2001-01-21,2022-05-23,active
162,Robert Fuchs,DE,robert.fuchs758@gmail.com,1999-03-20,2022-05-24,active
163,Ryota Sasaki,JP,ryota.sasaki454@gmail.com,2001-09-28,2022-05-26,active
164,Mi-young Song,KR,miyoung.song416@gmail.com,1986-03-06,2022-05-29,active
165,Clemens Engel,DE,clemens.engel980@gmail.com,2001-07-26,2022-05-29,active
166,Fumiko Toda,JP,fumiko.toda293@icloud.com,2008-05-12,2022-06-02,active
167,Nathan Austin,CA,nathan.austin164@me.com,2004-05-09,2022-06-03,active
168,Wilhelm Olofsson,SE,wilhelm.olofsson305@gmail.com,1985-06-09,2022-06-07,active
169,Mathieu Fernandez,FR,mathieu.fernandez963@gmail.com,2003-04-12,2022-06-15,active
170,Celine Månsson,SE,celine.mnsson396@icloud.com,1992-11-20,2022-06-19,active
171,Geoffrey Blanc,FR,geoffrey.blanc909@gmail.com,1994-03-11,2022-06-21,active
172,Ryszard Domański,PL,ryszard.domaski42@gmail.com,1997-07-14,2022-06-23,active
173,Beatriz Luna,MX,beatriz.luna952@yahoo.com,1986-05-21,2022-06-23,active
174,Frida Sjöberg,SE,frida.sjberg321@gmail.com,1991-04-08,2022-06-24,active
175,Angelina Álvarez,ES,angelina.lvarez461@gmail.com,1999-10-11,2022-07-03,active
176,Simone Schreurs,NL,simone.schreurs743@hotmail.com,1996-08-21,2022-07-08,active
177,Cristian García,ES,cristian.garca116@gmail.com,1985-04-15,2022-07-08,active
178,Elsa Lundström,SE,elsa.lundstrm438@gmail.com,1995-05-02,2022-07-18,active
179,Elijah Collins,AU,elijah.collins475@gmail.com,2006-05-27,2022-07-20,active
180,Harrison Barker,GB,harrison.barker689@gmail.com,1989-11-25,2022-07-21,active
181,Ângelo Klein,BR,ngelo.klein511@gmail.com,1999-11-01,2022-07-28,active
182,Teresa Hansen,US,teresa.hansen539@gmail.com,2007-04-21,2022-07-30,active
183,Xavier Lynch,AU,xavier.lynch457@icloud.com,2006-09-10,2022-07-30,active
184,Marcia Moller,BR,marcia.moller755@gmail.com,1998-07-06,2022-08-03,active
185,Alex Davies,GB,alex.davies719@gmail.com,1992-12-22,2022-08-05,active
186,Jong-hyun Eom,KR,jonghyun.eom242@icloud.com,1989-12-11,2022-08-06,active
187,Adrián Peña,MX,adrin.pea323@gmail.com,1995-10-04,2022-08-13,active
188,Emma Vitale,IT,emma.vitale240@icloud.com,1997-06-28,2022-08-14,active
189,Jun-hyung Seonwoo,KR,junhyung.seonwoo838@gmail.com,2001-01-23,2022-08-16,freezed
190,Leopoldo Ochoa,MX,leopoldo.ochoa386@gmail.com,2003-10-01,2022-08-16,banned
191,Selma Haas,DE,selma.haas74@gmail.com,1988-05-22,2022-08-18,active
192,Élise Denis,FR,lise.denis236@outlook.com,2000-03-21,2022-08-19,active
193,Olimpia Mazurek,PL,olimpia.mazurek495@gmail.com,1996-12-16,2022-08-20,active
194,Nicole Vecchio,IT,nicole.vecchio641@gmail.com,2001-01-26,2022-08-24,active
195,Adam Graham,GB,adam.graham391@gmail.com,1993-06-03,2022-08-31,active
196,Lidia Cordova,MX,lidia.cordova309@gmail.com,1996-12-04,2022-09-01,active
197,Gunda Schumacher,DE,gunda.schumacher467@hotmail.com,2001-05-20,2022-09-04,active
198,Beata Szewczyk,PL,beata.szewczyk132@hotmail.com,1987-06-24,2022-09-12,active
199,Tristan Pierre,FR,tristan.pierre526@gmail.com,1986-07-17,2022-09-13,active
200,Lee-teuk Oh,KR,leeteuk.oh152@live.com,1988-06-22,2022-09-14,active
201,Matthias de Bruin,NL,matthias.debruin816@gmail.com,1990-03-18,2022-09-15,active
202,Juliana Zamora,MX,juliana.zamora85@icloud.com,2007-10-28,2022-09-22,active
203,Quinn Hughes,US,quinn.hughes33@gmail.com,1996-09-29,2022-09-23,active
204,San Mokchong,KR,san.mokchong576@icloud.com,2002-10-03,2022-09-28,active
205,Manjula Nambiar,IN,manjula.nambiar779@gmail.com,2004-09-10,2022-10-04,banned
206,Madeleine Schmitt,FR,madeleine.schmitt907@icloud.com,1997-12-24,2022-10-05,active
207,Petra van der Meer,NL,petra.vandermeer730@gmail.com,1992-02-12,2022-10-06,active
208,Thomas Guzman,US,thomas.guzman209@gmail.com,1992-09-07,2022-10-23,active
209,Víctor Hernández,ES,vctor.hernndez452@gmail.com,2008-05-23,2022-10-23,active
210,Ana Luiza Castro,BR,analuiza.castro474@charter.net,1993-09-04,2022-10-24,active
211,Bethan Summers,GB,bethan.summers784@gmail.com,2003-04-08,2022-10-24,active
212,Imogen Edwards,GB,imogen.edwards828@gmail.com,1989-07-31,2022-10-26,freezed
213,Jade Palmer,CA,jade.palmer179@tuta.com,1986-05-15,2022-10-26,freezed
214,Esha Kelkar,IN,esha.kelkar121@gmail.com,2000-10-06,2022-10-29,active
215,Mariko Nakayama,JP,mariko.nakayama325@yahoo.com,1987-05-18,2022-10-30,active
216,Carl Ferguson,GB,carl.ferguson418@aol.com,1991-12-23,2022-11-04,active
217,Brandon Dunn,CA,brandon.dunn207@gmail.com,1991-10-07,2022-11-12,active
218,Flynn Nguyen,AU,flynn.nguyen153@gmail.com,1991-12-13,2022-11-14,banned
219,Paul Bell,GB,paul.bell354@gmail.com,1996-07-09,2022-11-17,active
220,Juan Velasco,ES,juan.velasco105@gmail.com,1999-06-07,2022-11-19,active
221,Yvonne van Dongen,NL,yvonne.vandongen967@hotmail.com,2002-02-19,2022-11-20,active
222,Marie Collet,FR,marie.collet176@gmail.com,2000-02-18,2022-12-01,active
223,Ji-sun Lee,KR,jisun.lee533@hotmail.com,1990-02-19,2022-12-03,freezed
224,Alexandre Blanchard,FR,alexandre.blanchard384@gmail.com,1987-06-24,2022-12-04,active
225,Ulrich Bergmann,DE,ulrich.bergmann875@gmail.com,1988-04-01,2022-12-05,active
226,Wouter Mol,NL,wouter.mol388@icloud.com,2000-09-30,2022-12-06,active
227,Krystian Kozak,PL,krystian.kozak536@gmail.com,1994-05-11,2022-12-15,active
228,Czesław Wilk,PL,czesaw.wilk503@hotmail.com,2001-10-24,2022-12-16,freezed
229,Mathieu de Jonge,NL,mathieu.dejonge58@icloud.com,2003-02-23,2022-12-17,active
230,Elsie Hood,GB,elsie.hood485@gmail.com,1998-07-24,2022-12-21,active
231,Charlotte Tucker,AU,charlotte.tucker885@gmail.com,1995-11-25,2022-12-21,active
232,Haruto Kubo,JP,haruto.kubo161@gmail.com,1985-06-22,2022-12-24,freezed
233,Émile Klein,FR,mile.klein155@gmail.com,2003-02-07,2022-12-27,active
234,Danielle Stanley,CA,danielle.stanley459@yahoo.com,1990-06-28,2022-12-28,banned
235,Deborah Wheeler,US,deborah.wheeler965@gmail.com,1997-06-03,2022-12-29,active
236,Cecilia Borges,BR,cecilia.borges955@gmail.com,1985-10-31,2023-01-01,active
237,Jeanne Fabre,FR,jeanne.fabre607@gmail.com,1999-03-11,2023-01-09,freezed
238,Hilde Wagner,DE,hilde.wagner360@gmail.com,2007-07-09,2023-01-16,active
239,Adriaan van der Meulen,NL,adriaan.vandermeulen268@gmail.com,2001-07-30,2023-01-21,active
240,Gabriele Nardi,IT,gabriele.nardi758@icloud.com,1997-05-19,2023-01-21,active
241,Brooke Ramos,US,brooke.ramos908@icloud.com,1999-11-06,2023-01-23,banned
242,Einar Ek,SE,einar.ek698@gmail.com,1986-07-26,2023-02-07,active
243,Maja Arvidsson,SE,maja.arvidsson427@gmail.com,1989-05-08,2023-02-09,active
244,Paul Perkins,CA,paul.perkins660@icloud.com,2008-07-30,2023-02-12,active
245,Naruhito Tsukamoto,JP,naruhito.tsukamoto584@yahoo.com,1996-10-27,2023-02-23,active
246,Igor Łuczak,PL,igor.uczak583@gmail.com,1992-01-07,2023-02-25,active
247,Seiya Morishita,JP,seiya.morishita66@gmail.com,1996-02-02,2023-02-26,active
248,Teresa Albanese,IT,teresa.albanese646@gmail.com,1994-08-10,2023-02-26,freezed
249,Fiene Schouten,NL,fiene.schouten437@att.net,1985-04-04,2023-03-02,active
250,Marita Schulz,DE,marita.schulz683@gmail.com,2006-07-05,2023-03-03,freezed
251,Alicia Molina,ES,alicia.molina464@gmail.com,1995-08-17,2023-03-08,active
252,Ivy Jackson,AU,ivy.jackson886@icloud.com,1999-10-06,2023-03-09,active
253,Amelia Wysocki,PL,amelia.wysocki432@outlook.com,2003-07-07,2023-03-11,active
254,Shivam Roy,IN,shivam.roy165@gmail.com,1985-05-31,2023-03-14,active
255,Sushila Trivedi,IN,sushila.trivedi661@outlook.com,1987-10-08,2023-03-22,active
256,Signe Persson,SE,signe.persson635@icloud.com,2007-11-03,2023-03-22,active
257,Rebecka Gunnarsson,SE,rebecka.gunnarsson611@gmail.com,1998-08-27,2023-03-29,active
258,Berit Mårtensson,SE,berit.mrtensson291@gmail.com,2002-03-11,2023-03-30,active
259,Luke Webster,GB,luke.webster999@gmail.com,2000-07-20,2023-03-30,active
260,Marinus Mulder,NL,marinus.mulder98@icloud.com,2001-09-03,2023-03-31,active
261,Josephine Schulte,DE,josephine.schulte511@gmail.com,1985-05-13,2023-04-01,banned
262,Thea Edlund,SE,thea.edlund347@icloud.com,1988-05-16,2023-04-02,freezed
263,Juan Ayala,MX,juan.ayala422@icloud.com,1993-07-28,2023-04-06,active
264,Wyatt Miller,AU,wyatt.miller636@aol.com,1990-12-12,2023-04-07,active
265,Lamberto Ferraro,IT,lamberto.ferraro353@yahoo.com,1986-07-11,2023-04-09,active
266,Pietra Pacheco,BR,pietra.pacheco238@gmail.com,2002-09-01,2023-04-10,active
267,Marcelo Campos,BR,marcelo.campos522@gmail.com,1996-03-22,2023-04-12,active
268,Hunter Snyder,US,hunter.snyder838@comcast.net,1993-04-04,2023-04-12,active
269,Lavinia Poli,IT,lavinia.poli472@icloud.com,1993-11-26,2023-04-13,freezed
270,Fraser Wright,AU,fraser.wright350@gmail.com,1990-12-03,2023-04-15,active
271,Mitchell Lee,AU,mitchell.lee513@icloud.com,1989-12-28,2023-04-17,active
272,Erick Cabrera,MX,erick.cabrera622@outlook.com,2006-12-26,2023-04-19,active
273,Terezinha Pereira,BR,terezinha.pereira356@gmail.com,2000-06-30,2023-04-20,active
274,Wiktoria Zakrzewski,PL,wiktoria.zakrzewski928@gmail.com,2004-07-12,2023-04-26,freezed
275,Piera Martinazzi,IT,piera.martinazzi787@att.net,1988-10-06,2023-04-26,active
276,Maicon Melo,BR,maicon.melo958@gmail.com,1988-06-16,2023-04-29,active
277,Esperanza Santiago,MX,esperanza.santiago203@gmail.com,1991-04-12,2023-04-30,active
278,Joseph Hamilton,AU,joseph.hamilton330@gmail.com,2008-09-23,2023-05-09,active
279,Isabelle Ljung,SE,isabelle.ljung542@gmail.com,1988-11-30,2023-05-16,active
280,Sandro Bianchini,IT,sandro.bianchini657@icloud.com,2004-02-15,2023-05-18,active
281,Jonny Murphy,GB,jonny.murphy448@icloud.com,2007-07-05,2023-05-25,active
282,Lorella Colonna,IT,lorella.colonna898@gmail.com,1997-06-13,2023-05-25,active
283,Francesca Tucker,GB,francesca.tucker765@icloud.com,1990-08-10,2023-05-28,active
284,Ichiko Kawano,JP,ichiko.kawano625@gmail.com,1991-05-23,2023-06-01,active
285,Lotte van den Bosch,NL,lotte.vandenbosch928@icloud.com,2008-03-06,2023-06-03,active
286,Andrea De Rosa,IT,andrea.derosa484@gmail.com,1987-05-02,2023-06-05,active
287,Rufina Paredes,MX,rufina.paredes28@icloud.com,2006-04-02,2023-06-09,active
288,Amelie Mayer,DE,amelie.mayer757@icloud.com,2001-06-21,2023-06-11,active
289,Julie Morris,US,julie.morris996@icloud.com,1985-02-01,2023-06-12,active
290,Tekla Murawski,PL,tekla.murawski766@icloud.com,2003-09-16,2023-06-14,active
291,Edoardo Pasquale,IT,edoardo.pasquale239@yahoo.com,2006-12-12,2023-06-21,active
292,Benoît Guillot,FR,benot.guillot730@hotmail.com,1995-04-23,2023-06-28,active
293,Caterina Ferraro,IT,caterina.ferraro98@gmail.com,2003-11-16,2023-06-30,active
294,Jasmine King,CA,jasmine.king426@hotmail.com,1995-06-15,2023-07-04,active
295,Carolina Mårtensson,SE,carolina.mrtensson586@gmail.com,2007-07-26,2023-07-07,active
296,Romy Möller,DE,romy.mller705@gmail.com,1985-04-14,2023-07-08,active
297,Elsie Carlsson,SE,elsie.carlsson18@icloud.com,1997-11-06,2023-07-15,active
298,Sanne Driessen,NL,sanne.driessen687@gmail.com,2002-12-20,2023-07-16,active
299,Verónica Alonso,ES,vernica.alonso917@gmail.com,2005-10-20,2023-07-19,active
300,Marek Duda,PL,marek.duda115@gmail.com,1991-10-29,2023-07-23,active
301,Marianne Smits,NL,marianne.smits550@gmail.com,1989-05-04,2023-07-25,active
302,Emilio Navarro,ES,emilio.navarro230@icloud.com,1990-01-27,2023-08-02,active
303,Kate Cooper,AU,kate.cooper418@yahoo.com,1997-02-14,2023-08-02,active
304,Sarthak Upadhyay,IN,sarthak.upadhyay735@icloud.com,1995-11-15,2023-08-02,active
305,Toby Lewis,AU,toby.lewis655@icloud.com,1994-06-04,2023-08-06,active
306,Louie Fuller,GB,louie.fuller260@gmail.com,2004-03-11,2023-08-07,active
307,Daniel Flores,ES,daniel.flores795@gmail.com,1996-04-09,2023-08-07,active
308,Ivar Widén,SE,ivar.widn11@gmail.com,1997-12-18,2023-08-07,active
309,Elin Lundqvist,SE,elin.lundqvist730@hotmail.com,1985-01-19,2023-08-10,active
310,Olivia Fuentes,ES,olivia.fuentes539@gmail.com,1991-07-25,2023-08-13,active
311,Chantal Pope,CA,chantal.pope897@hotmail.com,1997-04-29,2023-08-13,active
312,Henriette Wolff,DE,henriette.wolff410@gmail.com,2002-07-09,2023-08-15,active
313,Anna van der Heijden,NL,anna.vanderheijden90@icloud.com,2004-06-30,2023-08-16,active
314,Caroline Peters,NL,caroline.peters939@aol.com,2004-04-29,2023-08-16,active
315,Hunter Fernandez,CA,hunter.fernandez499@icloud.com,1994-02-08,2023-08-19,active
316,Barry Goodwin,GB,barry.goodwin449@gmail.com,2000-01-08,2023-08-20,active
317,Tobías Fernández,ES,tobas.fernndez926@gmail.com,1999-12-13,2023-08-22,freezed
318,Sydney Lane,CA,sydney.lane531@gmail.com,2004-05-30,2023-08-23,active
319,Francisco Fuentes,MX,francisco.fuentes8@hotmail.com,1999-01-28,2023-08-25,active
320,Emilio Ortiz,MX,emilio.ortiz127@gmail.com,1998-10-18,2023-08-29,active
321,Beau Bowman,CA,beau.bowman390@gmail.com,1986-03-14,2023-08-30,active
322,Gaia Ruggiero,IT,gaia.ruggiero890@icloud.com,1997-02-21,2023-09-01,active
323,Angelica Orlando,IT,angelica.orlando89@yahoo.com,1989-04-23,2023-09-03,active
324,Joe Freeman,US,joe.freeman147@gmail.com,2005-01-24,2023-09-06,freezed
325,Tomas Johansson,SE,tomas.johansson700@gmail.com,1986-07-20,2023-09-09,active
326,Connor King,AU,connor.king840@icloud.com,2007-10-13,2023-09-14,freezed
327,Ralph Maldonado,US,ralph.maldonado18@gmail.com,1989-05-05,2023-09-14,active
328,Michał Krajewski,PL,micha.krajewski11@icloud.com,1985-12-16,2023-09-21,active
329,Jae-hwan Namgung,KR,jaehwan.namgung19@gmail.com,1993-10-15,2023-09-22,active
330,Grazia Cavallo,IT,grazia.cavallo776@gmail.com,2006-06-18,2023-09-30,active
331,Norberto Oliveira,BR,norberto.oliveira683@icloud.com,1987-07-25,2023-10-03,active
332,Isabella Morelli,IT,isabella.morelli7@gmail.com,1988-02-02,2023-10-06,active
333,Pietro Conti,IT,pietro.conti23@gmail.com,1998-02-04,2023-10-07,active
334,Tanvi Sarkar,IN,tanvi.sarkar46@gmail.com,2008-08-05,2023-10-09,active
335,Hayato Yoneyama,JP,hayato.yoneyama716@gmail.com,2007-05-13,2023-10-13,active
336,Tobias Jonsson,SE,tobias.jonsson393@gmail.com,1996-10-15,2023-10-22,active
337,Linda Szafrański,PL,linda.szafraski872@gmail.com,1991-11-22,2023-10-23,active
338,Adriana Guerrero,ES,adriana.guerrero148@gmail.com,1988-05-15,2023-10-23,active
339,Skylar Castro,US,skylar.castro242@gmail.com,2007-12-08,2023-10-23,active
340,Ines Henriksson,SE,ines.henriksson878@gmail.com,1995-10-02,2023-10-24,active
341,Xavier Gallego,ES,xavier.gallego128@gmail.com,2004-08-28,2023-10-27,active
342,Justin Green,GB,justin.green431@yahoo.com,2001-07-24,2023-11-03,active
343,Manoel Santana,BR,manoel.santana155@gmail.com,1985-02-28,2023-11-06,active
344,Antonia Ibáñez,ES,antonia.ibez480@gmail.com,2005-03-03,2023-11-15,active
345,Romano Martini,IT,romano.martini228@gmail.com,1986-07-07,2023-11-16,active
346,Su-jeong Myeong,KR,sujeong.myeong57@hotmail.com,1990-08-30,2023-11-18,active
347,Jasmine Wilson,AU,jasmine.wilson794@gmail.com,1994-05-23,2023-11-24,active
348,Sarah Jacobs,CA,sarah.jacobs372@gmail.com,2005-01-30,2023-11-27,active
349,Ganesh Chakraborty,IN,ganesh.chakraborty353@icloud.com,2002-12-13,2023-11-29,active
350,Yasu Nakata,JP,yasu.nakata187@gmail.com,2006-07-16,2023-12-01,active
351,Elizabeth Hamilton,GB,elizabeth.hamilton606@gmail.com,1994-12-09,2023-12-01,active
352,Éliane Jean,FR,liane.jean937@gmail.com,2006-02-01,2023-12-03,active
353,Saeko Ishii,JP,saeko.ishii996@gmail.com,1998-08-29,2023-12-08,active
354,Vishal Tripathi,IN,vishal.tripathi95@icloud.com,1988-04-01,2023-12-11,active
355,Yago Herrera,ES,yago.herrera691@gmail.com,2004-08-11,2023-12-18,active
356,Eloïse Clement,FR,elose.clement424@hotmail.com,1994-12-24,2023-12-20,active
357,Alex Peters,AU,alex.peters667@gmail.com,1993-10-07,2023-12-22,freezed
358,Fausto Rocha,BR,fausto.rocha326@icloud.com,1991-11-01,2024-01-01,active
359,Isaac Robinson,AU,isaac.robinson462@gmail.com,2004-08-13,2024-01-01,active
360,Gloria Hall,CA,gloria.hall85@gmail.com,2002-01-21,2024-01-03,active
361,Lillian Moreno,US,lillian.moreno694@icloud.com,2007-11-22,2024-01-05,active
362,Candela Pastor,ES,candela.pastor385@gmail.com,1991-09-25,2024-01-09,active
363,Jerry Hanson,US,jerry.hanson160@gmail.com,2002-06-20,2024-01-12,active
364,Michael Schwarz,DE,michael.schwarz547@gmail.com,2004-07-11,2024-01-14,active
365,Raquel Leyva,MX,raquel.leyva828@gmail.com,2008-11-05,2024-01-17,active
366,Evelyn Miranda,BR,evelyn.miranda804@gmail.com,1992-12-15,2024-01-19,active
367,Enza Carbone,IT,enza.carbone846@gmail.com,1996-03-27,2024-01-24,active
368,Kauan Leite,BR,kauan.leite449@icloud.com,1986-07-12,2024-01-28,freezed
369,Yoo-mi Yun,KR,yoomi.yun824@gmail.com,1989-12-09,2024-02-01,active
370,Brigitte Friedrich,DE,brigitte.friedrich847@hotmail.com,2000-09-25,2024-02-02,active
371,Oscar Gallo,IT,oscar.gallo662@gmail.com,1987-12-15,2024-02-07,active
372,José Azevedo,BR,jos.azevedo279@icloud.com,1986-03-28,2024-02-09,freezed
373,Colton Kennedy,US,colton.kennedy354@icloud.com,2000-04-08,2024-02-12,active
374,Norberto Ramírez,MX,norberto.ramrez870@outlook.com,1988-11-17,2024-02-18,active
375,Corinna Roth,DE,corinna.roth736@icloud.com,2007-02-25,2024-02-20,active
376,Peter Sommer,DE,peter.sommer508@icloud.com,1997-12-13,2024-02-23,active
377,Mariola Czarnecki,PL,mariola.czarnecki874@aol.com,1986-06-24,2024-02-23,active
378,Dulce Valencia,MX,dulce.valencia408@gmail.com,2004-08-29,2024-02-27,active
379,Stefanie König,DE,stefanie.knig778@icloud.com,1985-09-22,2024-02-27,active
380,Mackenzie Thomas,AU,mackenzie.thomas31@live.com,1991-04-21,2024-02-29,active
381,Greta Günther,DE,greta.gnther27@icloud.com,1994-04-09,2024-03-03,active
382,Ji-sung Bong,KR,jisung.bong381@gmail.com,2004-03-26,2024-03-09,active
383,Poppy Mills,GB,poppy.mills523@gmail.com,1991-08-02,2024-03-16,active
384,Norman Day,CA,norman.day25@yahoo.com,1998-08-19,2024-03-23,active
385,Malcolm Russell,GB,malcolm.russell145@gmail.com,1996-07-01,2024-03-23,active
386,Benedykt Nowak,PL,benedykt.nowak39@outlook.com,1987-11-14,2024-03-25,banned
387,Judith Ferrer,ES,judith.ferrer851@gmail.com,1989-06-28,2024-03-25,active
388,Edward Black,US,edward.black181@gmail.com,1990-05-28,2024-03-29,active
389,Alison Fisher,GB,alison.fisher764@gmail.com,1992-08-24,2024-04-03,active
390,Felix Gauthier,CA,felix.gauthier405@gmail.com,1997-04-21,2024-04-09,active
391,Kimberly Bryant,AU,kimberly.bryant483@gmail.com,1995-11-08,2024-04-13,freezed
392,Andrea Rodriguez,US,andrea.rodriguez432@icloud.com,1991-08-05,2024-04-17,active
393,Millie Scott,GB,millie.scott485@icloud.com,1993-05-28,2024-04-18,active
394,Laure Brunet,FR,laure.brunet832@gmail.com,2008-05-16,2024-04-19,active
395,Theodore Lawrence,GB,theodore.lawrence363@icloud.com,1985-09-03,2024-04-22,freezed
396,Jasmine Ström,SE,jasmine.strm733@gmail.com,1989-03-31,2024-04-22,active
397,Ji-hoon Kwon,KR,jihoon.kwon45@gmail.com,1997-03-09,2024-04-23,active
398,Claire Patterson,AU,claire.patterson767@icloud.com,2002-06-20,2024-04-29,active
399,Ethan Clark,GB,ethan.clark417@icloud.com,2003-12-15,2024-05-02,active
400,Sonia Gil,ES,sonia.gil390@icloud.com,1992-02-21,2024-05-05,active
401,Elsa Ortiz,ES,elsa.ortiz624@yahoo.com,1998-08-02,2024-05-06,active
402,Maxime Thornton,CA,maxime.thornton666@cox.net,1996-10-19,2024-05-07,active
403,Veena Raghavan,IN,veena.raghavan901@yahoo.com,2003-10-03,2024-05-10,active
404,Lech Grzybowski,PL,lech.grzybowski839@hotmail.com,2005-07-10,2024-05-10,active
405,Susan Butler,US,susan.butler787@icloud.com,1986-10-15,2024-05-14,active
406,Chika Kikuchi,JP,chika.kikuchi152@icloud.com,2004-08-28,2024-05-14,active
407,Rodolfo Tavares,BR,rodolfo.tavares712@yahoo.com,1999-10-09,2024-05-15,freezed
408,Constance Lemoine,FR,constance.lemoine810@icloud.com,2006-11-11,2024-05-21,active
409,Tulsi Wani,IN,tulsi.wani435@gmail.com,2007-04-07,2024-05-22,active
410,Trevor Burns,GB,trevor.burns491@gmail.com,1988-09-03,2024-05-27,active
411,Sonja Jonasson,SE,sonja.jonasson447@gmail.com,2005-07-13,2024-05-27,active
412,Sebastián Álvarez,MX,sebastin.lvarez279@live.com,1993-06-15,2024-05-27,banned
413,Ineke Visser,NL,ineke.visser816@gmail.com,1999-06-10,2024-05-27,active
414,Federico Rosa,IT,federico.rosa742@icloud.com,1988-08-22,2024-05-30,active
415,Anni Lang,DE,anni.lang957@me.com,1999-12-23,2024-05-30,active
416,Paola Fabbro,IT,paola.fabbro585@gmail.com,2007-04-01,2024-05-31,banned
417,Sophie Cox,GB,sophie.cox309@gmail.com,1995-10-14,2024-06-02,active
418,Celia Pérez,MX,celia.prez615@gmail.com,1985-11-01,2024-06-09,active
419,Gonçalo Costa,BR,gonalo.costa710@att.net,2000-08-29,2024-06-10,active
420,Raul Schneider,BR,raul.schneider877@icloud.com,1991-11-05,2024-06-12,freezed
421,Kotone Saito,JP,kotone.saito260@hotmail.com,2003-11-18,2024-06-14,active
422,Joel Nygren,SE,joel.nygren861@me.com,2004-02-14,2024-06-16,active
423,Osvaldo Campos,MX,osvaldo.campos474@gmail.com,2001-09-06,2024-06-19,active
424,Sara Riccardi,IT,sara.riccardi885@icloud.com,1991-07-02,2024-06-20,active
425,Leonardo Riva,IT,leonardo.riva126@icloud.com,1995-05-09,2024-06-21,active
426,Si-woo Dokgo,KR,siwoo.dokgo329@hotmail.com,2006-11-21,2024-06-22,active
427,Konstanze Schulze,DE,konstanze.schulze277@gmail.com,1993-04-06,2024-06-23,active
428,Marco Jiménez,MX,marco.jimnez172@icloud.com,1990-11-14,2024-06-28,active
429,Álvaro Rubio,ES,lvaro.rubio314@gmail.com,2007-10-13,2024-06-29,freezed
430,Elena Post,NL,elena.post765@gmail.com,1986-12-14,2024-07-01,active
431,Remigiusz Kania,PL,remigiusz.kania66@gmail.com,1985-11-27,2024-07-01,active
432,Abigail Butler,AU,abigail.butler6@icloud.com,1994-06-15,2024-07-03,active
433,Sarai Soto,MX,sarai.soto532@yahoo.com,1993-05-04,2024-07-04,active
434,Walter Palumbo,IT,walter.palumbo40@gmail.com,1991-05-17,2024-07-08,active
435,Jai Mehra,IN,jai.mehra599@gmail.com,2008-07-30,2024-07-12,freezed
436,Patrik Sandqvist,SE,patrik.sandqvist834@aol.com,1995-12-30,2024-07-13,active
437,Gaspar Mendoza,MX,gaspar.mendoza605@icloud.com,2002-05-17,2024-07-16,freezed
438,Ashley McCoy,US,ashley.mccoy98@gmail.com,1995-05-17,2024-07-20,banned
439,Logan Rose,AU,logan.rose975@gmail.com,1985-09-30,2024-07-22,freezed
440,Hye-kyung Seung,KR,hyekyung.seung573@gmail.com,1996-02-09,2024-07-25,active
441,Alexandre Andrade,BR,alexandre.andrade821@comcast.net,1993-11-21,2024-07-27,freezed
442,Adelheid Lorenz,DE,adelheid.lorenz340@icloud.com,2006-08-29,2024-07-27,active
443,Battista Romano,IT,battista.romano769@icloud.com,1998-01-07,2024-07-29,active
444,Paige Baker,GB,paige.baker332@icloud.com,1985-08-12,2024-08-06,active
445,Annabelle Phillips,AU,annabelle.phillips197@gmail.com,1986-04-05,2024-08-07,active
446,Alina Keller,DE,alina.keller251@gmail.com,1987-06-10,2024-08-11,active
447,Joana Machado,BR,joana.machado416@gmail.com,2007-03-11,2024-08-11,active
448,Jin-young Sa,KR,jinyoung.sa370@gmail.com,1995-10-16,2024-08-13,active
449,Samuel Moore,US,samuel.moore937@gmail.com,2002-12-16,2024-08-18,active
450,John Lundberg,SE,john.lundberg714@icloud.com,2008-07-28,2024-08-20,active
451,Soo-jin Chu,KR,soojin.chu508@icloud.com,2008-05-10,2024-08-22,active
452,Paul O'Connor,AU,paul.oconnor999@hotmail.com,1999-02-13,2024-08-26,active
453,Marguerite Le Gall,FR,marguerite.legall678@gmail.com,1991-06-22,2024-08-28,freezed
454,Wiktor Cichy,PL,wiktor.cichy422@icloud.com,1987-11-07,2024-09-03,active
455,Elijah Hudson,US,elijah.hudson357@icloud.com,1999-11-06,2024-09-09,active
456,Lidia Reyes,ES,lidia.reyes690@icloud.com,1988-08-04,2024-09-14,active
457,Victoria Söderberg,SE,victoria.sderberg745@gmail.com,1994-04-26,2024-09-18,banned
458,Jasper Pieters,NL,jasper.pieters447@gmail.com,1985-12-03,2024-09-27,active
459,Howard Allen,CA,howard.allen900@verizon.net,1992-09-09,2024-10-01,active
460,Alejandra Calvo,ES,alejandra.calvo188@gmail.com,2008-10-08,2024-10-03,banned
461,Ambre Hubert,FR,ambre.hubert749@hotmail.com,1985-02-11,2024-10-05,active
462,Esteban Hernández,MX,esteban.hernndez770@icloud.com,1995-05-30,2024-10-05,active
463,Danielle Rios,US,danielle.rios639@icloud.com,1994-09-27,2024-10-06,active
464,Erna Schubert,DE,erna.schubert59@gmail.com,1995-08-01,2024-10-09,active
465,Linda Holmström,SE,linda.holmstrm585@proton.me,2005-10-13,2024-10-12,banned
466,Kyu-hyun Shim,KR,kyuhyun.shim614@gmail.com,1991-07-06,2024-10-18,active
467,Marie Chen,US,marie.chen276@hotmail.com,2007-05-02,2024-10-19,freezed
468,Zara Ford,AU,zara.ford440@gmail.com,1995-09-18,2024-10-26,banned
469,Brendan Cross,GB,brendan.cross627@icloud.com,2000-04-16,2024-10-30,active
470,Maud van Dalen,NL,maud.vandalen297@yahoo.com,2006-04-12,2024-10-31,active
471,Tobias Thomas,DE,tobias.thomas956@icloud.com,2001-10-19,2024-11-01,active
472,Ulises Vega,MX,ulises.vega393@yahoo.com,1986-05-31,2024-11-01,active
473,Hayley Evans,AU,hayley.evans352@gmail.com,1999-06-15,2024-11-01,active
474,Lucette Lecomte,FR,lucette.lecomte357@gmail.com,2008-02-18,2024-11-04,active
475,Jin-young Tan,KR,jinyoung.tan962@hotmail.com,1987-08-10,2024-11-05,active
476,Oliver McKenzie,AU,oliver.mckenzie360@icloud.com,1985-10-30,2024-11-05,active
477,Vanessa Dietrich,DE,vanessa.dietrich229@yahoo.com,1995-05-05,2024-11-06,active
478,Maxwell Harris,AU,maxwell.harris271@gmail.com,2008-12-13,2024-11-06,active
479,Nikola Kwiatkowski,PL,nikola.kwiatkowski698@me.com,2005-06-25,2024-11-08,active
480,Marie Braun,DE,marie.braun599@gmail.com,1989-06-13,2024-11-10,active
481,Maryla Nowakowski,PL,maryla.nowakowski219@yahoo.com,1987-05-27,2024-11-12,banned
482,Min-seok Hwang,KR,minseok.hwang610@icloud.com,2008-01-21,2024-11-12,active
483,Chiara Marino,IT,chiara.marino708@gmail.com,1993-11-20,2024-11-13,active
484,Yvonne Jäger,DE,yvonne.jger159@gmail.com,1992-02-12,2024-11-16,active
485,Brianna Guzman,CA,brianna.guzman700@outlook.com,1986-11-10,2024-11-19,freezed
486,Evelina Björklund,SE,evelina.bjrklund128@gmail.com,1986-09-25,2024-11-21,active
487,Ye-eun Hong,KR,yeeun.hong970@gmail.com,1987-10-06,2024-11-22,active
488,Anna Zawadzki,PL,anna.zawadzki584@icloud.com,2002-06-06,2024-11-23,active
489,Josh Garrett,GB,josh.garrett411@gmail.com,1986-09-25,2024-11-24,active
490,Bruno Figueiredo,BR,bruno.figueiredo425@gmail.com,1989-12-10,2024-11-25,banned
491,Tae-yong Geum,KR,taeyong.geum481@gmail.com,2008-05-07,2024-12-04,active
492,Kyung-sook Ha,KR,kyungsook.ha639@icloud.com,1986-06-06,2024-12-05,freezed
493,Antonio Vidal,ES,antonio.vidal266@gmail.com,2005-01-07,2024-12-12,active
494,So-jung Woo,KR,sojung.woo309@gmail.com,1998-05-19,2024-12-14,active
495,Min-ho Min,KR,minho.min273@icloud.com,1987-12-15,2024-12-21,active
496,Isabella Erlandsson,SE,isabella.erlandsson46@gmail.com,2002-05-16,2024-12-26,active
497,Megumi Takagi,JP,megumi.takagi539@gmail.com,1994-01-08,2024-12-27,active
498,Josef Pohl,DE,josef.pohl658@gmail.com,2002-11-23,2024-12-27,active
499,Sho Yoshimura,JP,sho.yoshimura146@gmail.com,1993-02-02,2024-12-28,active
500,Tommaso Martelli,IT,tommaso.martelli133@gmail.com,2001-08-29,2024-12-30,active
